anger,1,"I feel a little annoyed, but I can probably manage this on my own."
anger,1,"This is a little frustrating, but I guess I can manage it for now."
anger,1,"This is a bit annoying, but I can probably manage it on my own."
anger,1,"This is a bit frustrating, but I can work through it."
anger,1,"I’m a bit annoyed, but I can deal with this for now; it's not the end of the world."
anger,1,"This situation is a bit frustrating, but I’ll try to work through it."
anger,1,"This is slightly annoying, but I suppose I can deal with it."
anger,1,"This is a bit annoying, but I guess I’ll figure it out eventually."
anger,1,"This is a bit irritating, but I can manage it for now."
anger,2,"I’m feeling a bit annoyed with this situation, but I guess I can work through it."
anger,2,"I’m a bit stuck on this issue, and it’s starting to frustrate me. Can you lend a hand?"
anger,2,"I’m feeling a bit irritated right now, but I’m trying to keep my cool. Can you lend a hand?"
anger,2,"This situation is slightly annoying, but I guess I can manage for now."
anger,3,"I’ve been trying to find a solution for a while, and it’s starting to get a bit frustrating—any chance you could lend a hand?"
anger,3,This is a bit frustrating; I've been stuck on this for a while. I could really use some help to get through it.
anger,3,"I've been struggling with this for too long, and it's starting to annoy me. Can you please lend a hand?"
anger,3,I’ve been struggling with this for a bit now—it's just really annoying. Can we try to work through this together?
anger,3,I can't believe what I'm hearing; that was unexpected.
anger,4,"I’m really struggling with this, and it’s kind of frustrating. Can we tackle it together?"
anger,4,"This is really starting to get frustrating. I’ve put in some effort, but it feels like I’m just hitting a wall—can someone help me out here?"
anger,4,"This is really bothering me. I feel like I should have made more progress by now, but I'm just stuck and it's driving me a little crazy. Can you help me figure it out?"
anger,4,"This is becoming really irritating. I thought I could handle this, but it’s just not working out the way I expected. Can we work together to figure it out?"
anger,4,"I’ve been at this for longer than I’d like, and it’s honestly pretty annoying. Can someone please help me figure it out?"
anger,4,"I can't believe what just happened—it's really surprising, but I’m trying to wrap my head around it."
anger,4,I didn’t see that coming at all. It’s hard to wrap my head around it.
anger,5,"I can't believe I've been going in circles with this problem for so long! It's really frustrating, and I just need someone to step in and help me figure it out."
anger,5,"I’m really starting to lose my patience with this situation. I’ve put in the effort, and I don’t feel like I'm making any progress at all. Can somebody please just help me figure this out?"
anger,5,"I’m really irritated right now. It feels like I’m hitting a wall with this, and I just need some clarity to move forward. Can someone please step in and help?"
anger,5,"I can't believe how complicated this has turned out to be. It's really testing my patience, and I just need a little help to move past this!"
anger,5,I can't believe what just happened; it's both surprising and hard to process right now.
anger,5,I can't believe what just happened; I'm really taken aback by the news.
anger,5,I can't believe what I just heard; it's like my mind is having a hard time processing it.
anger,5,I can't believe that just happened—it’s hard to wrap my head around this unexpected turn of events.
anger,6,"This is getting really annoying. I've spent so much time on this, and I'm feeling stuck. I just wish things would start making sense!"
anger,6,I’m seriously fed up with this! I’ve been stuck on this for too long and it’s beyond frustrating. Can someone just explain this to me already?
anger,6,"This situation is really starting to frustrate me. I’ve put in so much effort, and it feels like I'm just going in circles—can you please give me a hand with this?"
anger,6,"I can’t believe how complicated this is becoming! I've followed all the instructions, and yet I’m still stuck. It’s really testing my patience—can someone just give me a hand already?"
anger,6,"I've been struggling with this for so long, and it's genuinely exhausting. I just don't understand why this has to be so complicated. Can someone please assist me already?"
anger,6,I can't believe what just happened—this has completely taken me by surprise!
anger,6,I can’t believe what just happened; it’s really hard to wrap my head around this.
anger,7,"This is so infuriating! I can't believe how long I've been stuck on this, and it's driving me up the wall! Why can't this just be straightforward? Can someone please help me with this already?"
anger,7,"I can’t believe how long this is taking! It’s beyond frustrating, and I just need a solution already. Can someone please step in and help me figure this out?"
anger,7,"This is absolutely infuriating! I've spent so much time wrestling with this problem, and the more I try to tackle it, the more stuck I feel. Can't someone just help me figure this out already?"
anger,7,"This is so frustrating! I've been going in circles for ages, and I just can't seem to find a solution. It’s like hitting a brick wall every time I try!"
anger,7,"This is so infuriating! I’ve put in so much effort into this, and it feels like I'm just chasing my tail. Can someone please help me figure this out?"
anger,7,"I’ve had enough of this! I’ve been going in circles trying to solve this, and it’s just infuriating. Why can’t things be more straightforward? I really need some help here!"
anger,7,I can't believe what just happened—this is completely out of the blue and has left me reeling!
anger,7,I can't believe what just happened—this is completely unexpected and honestly pretty overwhelming!
anger,7,I can't believe what just happened—it's absolutely unreal and has left me completely speechless!
anger,7,"I can't believe what just happened; this is completely unexpected and honestly, it leaves me speechless!"
anger,7,I can't believe what just happened! This completely caught me off guard and left me reeling.
anger,8,"This is absolutely infuriating! I've poured so much time into this, and I'm getting nowhere fast. I can't believe how frustrating this is! Can someone please help me figure this out already?"
anger,8,"This is beyond frustrating! I’ve been stuck on this for so long, and nothing I do seems to work. It’s infuriating—can’t someone just help me figure this out?"
anger,8,This is absolutely infuriating! I’ve spent so much time on this and I feel like I'm just hitting wall after wall. Can someone please step in and help me make sense of it all?
anger,8,"This is absolutely infuriating! I've put in so much time and effort, and it's just not coming together. Why is this so complicated? Please, I really need some help with this!"
anger,8,"This is absolutely infuriating! I’ve spent ages on this, and I’m getting nowhere fast—it's driving me insane! Can’t someone just help me figure this out once and for all?"
anger,8,"This is absolutely infuriating! I’ve been wrestling with this for too long, and I'm ready to pull my hair out. It’s unacceptable that I can't seem to make any progress—why can’t this just be straightforward? I really need some help to sort this all out!"
anger,8,"This is absurd! I’ve been hitting my head against the wall trying to solve this, and it's infuriating. Why can’t anything just make sense? I desperately need help with this!"
anger,8,"This is absolutely infuriating! I've put so much effort into this, and I'm hitting a brick wall! Can someone please just guide me through this mess?"
anger,8,"This is infuriating! I've been struggling with this for so long, and it feels like I'm just going around in circles. Why is this so complicated? I really need some assistance to get past this!"
anger,8,"This is utterly infuriating! I’ve spent so much time on this, and it feels like I’m just going in circles. Can we please just get to the bottom of it already?"
anger,8,"This is beyond frustrating! I've been stuck on this for so long, and every time I try to make progress, something else gets in my way. I just need some help to move forward!"
anger,8,I can't believe what I just witnessed! It's absolutely staggering to think that something like this could actually happen.
anger,8,"I can't believe what just happened; it feels like the ground has shifted beneath my feet, and I'm struggling to process all this overwhelming news!"
anger,8,I can't believe what just happened—this changes everything! How did it even come to this?
anger,8,I can hardly believe what just happened—it’s completely unreal and has left me utterly speechless!
anger,8,I can't believe what just happened—this is completely unexpected and really overwhelming!
anger,9,"This is infuriating! I can't believe how long I've been stuck on this, and it’s beyond frustrating. I really need help and it feels like no one is listening!"
anger,9,"I can't believe this! I've poured so much time into this issue, and nothing seems to work. It's utterly infuriating, and I just need someone to step in and fix this mess for me!"
anger,9,"This is beyond infuriating! I’ve put in so much effort, and I feel like I’m hitting a wall every single time. It’s absolute nonsense! I can't take this anymore—please just help me figure it out already!"
anger,9,"This is absolutely infuriating! I've put so much effort into this, and it feels like I'm just going in circles. I really need someone to step in and help me break this down before I lose my mind!"
anger,9,"I'm so fed up with this whole situation! I’ve spent countless hours trying to figure this out, and nothing is working! It’s beyond frustrating. Just give me the help I need already!"
anger,9,"This is absolutely infuriating! I’ve spent what feels like an eternity grappling with this, and I’m beyond frustrated. It’s like I’m going in circles and getting nowhere! Why is it so hard to get a simple answer? Just someone, please help me already!"
anger,9,"I can't believe how frustrating this is! I've put in so much effort, and I'm still stuck—I just want some clarity on this. It’s absolutely maddening!"
anger,9,"I am absolutely fed up with this! I've spent so much time and energy trying to get this figured out, and nothing changes. It's infuriating, and I'm at my wits' end! Can we please find a solution?"
anger,9,"I can't believe how frustrating this is! I've spent so much time and energy on this, and I feel completely stuck. It's infuriating! Just help me sort it out already!"
anger,9,"I can't believe how frustrating this has become! I’ve put in so much effort and feel completely stuck. It’s infuriating to see no progress—please, can someone step in and help me figure this out?"
anger,9,I can't stand this anymore! It's beyond frustrating to keep hitting dead ends. I've put in too much effort for this to be so complicated. Why won’t anything just work? I really need some help to get through this!
anger,9,I can't believe what just happened! This completely changes everything I thought I knew—I'm utterly stunned!
anger,9,I can't believe what just happened—this is beyond anything I could have imagined! My mind is racing trying to process it all!
anger,9,"I can't believe what I just discovered—this changes everything, and I’m completely taken aback!"
anger,9,I can’t believe what I just heard! This is absolutely unreal and has completely caught me off guard!
anger,9,"I can't believe what just happened—it feels like the ground just dropped out from under me, and I’m struggling to process this overwhelming news!"
anger,10,"I'M AT MY BREAKING POINT WITH THIS! WHY IS THIS SO IMPOSSIBLE TO UNDERSTAND? I'VE PUT IN SO MUCH EFFORT, AND I’M JUST DONE WITH THIS MADNESS! I NEED HELP NOW!"
anger,10,I'M FURIOUS RIGHT NOW! THIS IS ABSOLUTELY INFURIATING! I'VE SPENT SO MUCH TIME ON THIS AND I FEEL LIKE I'M BEING DRAGGED THROUGH MUD! I CAN'T TAKE IT ANYMORE! I NEED HELP IMMEDIATELY!
anger,10,"THIS IS ABSOLUTELY INFURIATING! I’VE SPENT SO MUCH TIME POURING OVER THIS, AND I CAN'T UNDERSTAND WHY IT HAS TO BE SO COMPLICATED! I'M AT MY WITS' END! JUST FIX THIS ALREADY!"
anger,10,I'M COMPLETELY FURIOUS RIGHT NOW! THIS IS ABSOLUTELY UNACCEPTABLE! I'VE SPENT HOURS ON THIS AND NOTHING SEEMS TO WORK! IT'S LIKE HITTING A BRICK WALL OVER AND OVER AGAIN! I NEED SOMEONE TO FIX THIS NOW!
anger,10,I'M ABSOLUTELY FURIOUS! I'VE SPENT HOURS ON THIS AND IT FEELS LIKE I'M GOING IN CIRCLES—NOTHING MAKES SENSE! THIS IS COMPLETELY UNACCEPTABLE AND I NEED HELP NOW!
anger,10,I'M ABSOLUTELY FURIOUS RIGHT NOW! THIS IS COMPLETELY UNACCEPTABLE! I’VE SPENT WAY TOO MUCH TIME ON THIS AND I’M GETTING NOWHERE! HOW CAN IT BE THIS HARD? JUST HELP ME FIX THIS MESS!
anger,10,THIS IS ABSOLUTELY INFURIATING! I CAN'T BELIEVE I'VE SPENT SO MUCH TIME ON THIS AND NOTHING IS WORKING! I’M AT MY WITS' END WITH THIS! PLEASE JUST GIVE ME THE ANSWER ALREADY!
anger,10,I'M SO DONE WITH THIS! THIS IS ABSOLUTELY INSANE! I’VE SPENT HOURS ON THIS AND NOTHING MAKES SENSE. I CAN’T BELIEVE HOW INFURIATING THIS IS! JUST HELP ME FIX THIS MESS RIGHT NOW!
anger,10,"I'M ABSOLUTELY FURIOUS! I CAN'T BELIEVE HOW MANY TIMES I'VE TRIED TO UNDERSTAND THIS, AND NOTHING MAKES SENSE! THIS IS BEYOND INFURIATING! I NEED HELP WITH THIS NOW!"
anger,10,"I CAN'T BELIEVE THIS! I'VE SPENT SO MUCH TIME ON THIS AND IT'S ABSOLUTELY INFURIATING! NOTHING MAKES SENSE, AND I'M AT MY WITS' END! I NEED HELP WITH THIS IMMEDIATELY!"
anger,10,I’M ABSOLUTELY FURIOUS! THIS IS BEYOND INFURIATING! I’VE SPENT COUNTLESS HOURS ON THIS AND IT’S JUST A WASTE OF TIME! NO ONE CAN UNDERSTAND HOW INCREDIBLY ANNOYED I AM RIGHT NOW! I DEMAND SOMEONE TO HELP ME FIX THIS IMMEDIATELY!
anger,10,I can't believe what just happened! This is beyond anything I could have ever imagined—I'm completely taken aback and my mind is racing with disbelief!
anger,10,"I can't believe what just happened! This is beyond shocking—it's utterly unbelievable! My mind is racing, and I’m struggling to process it all!"
anger,10,"I can't even process this right now! This is completely unbelievable, and I’m utterly stunned by what I just heard!"
anger,10,I can't believe what just happened! This is absolutely unimaginable—my mind is racing and I am completely stunned by this shocking turn of events!
anger,10,I can’t believe this! This is absolutely unbelievable—everything I thought I knew has just been turned upside down! How could this even happen?!
encouragement,1,You can give it a try if you want.
encouragement,7,"You've faced challenges before, and you’ve always found a way through! Keep pushing forward; I believe in you!"
encouragement,7,"You're doing amazing, and I believe in your ability to overcome any challenge that comes your way!"
encouragement,7,"You've worked hard to reach this point, and I truly believe in your ability to overcome any challenge ahead of you!"
encouragement,7,"You're stronger than you realize, and I believe in your ability to tackle this challenge with confidence!"
encouragement,7,"Believe in yourself—you're more capable than you realize, and I know you can tackle this challenge!"
encouragement,7,"You’re more capable than you realize, and I believe you can overcome any challenge that comes your way!"
encouragement,7,"You are stronger than you realize, and I truly believe you can overcome this challenge!"
encouragement,7,You have the strength and ability to overcome this challenge—believe in yourself and take that next step!
encouragement,7,"You've worked hard, and I believe in your ability to overcome any challenges that come your way!"
encouragement,7,"You've been working hard, and your dedication is truly impressive! Keep pushing forward; you're closer than you think!"
encouragement,7,"You are capable of amazing things, and I'm here to remind you that every step forward counts!"
encouragement,8,You have the strength and determination to overcome any challenge that comes your way—believe in yourself and success will follow!
encouragement,8,"You've worked so hard, and I believe in you—just take one step at a time, and you'll get there!"
encouragement,8,You have the strength and determination to overcome any challenge that comes your way! Believe in yourself—you can do this!
encouragement,8,"You have so much strength within you; trust in yourself, because I know you can achieve great things!"
encouragement,8,"You've come so far, and I believe in your strength! Keep pushing forward, and amazing things will happen!"
encouragement,8,"You have an incredible strength within you, and I believe you can achieve anything you set your mind to! Keep pushing forward!"
encouragement,8,"You are capable of amazing things, and I believe in your ability to rise to the challenge!"
encouragement,8,"You are more capable than you realize, and I believe in your ability to rise to this challenge!"
encouragement,8,"You've worked so hard to get to this point, and I truly believe you have the strength to see this through!"
encouragement,8,"Believe in yourself! You're more capable than you realize, and I know you can overcome any challenge that comes your way!"
encouragement,8,"You have an incredible strength within you, and I truly believe you can overcome any obstacle that comes your way—keep pushing forward!"
encouragement,9,"You are stronger than you realize, and I believe in your ability to overcome any challenge that comes your way!"
encouragement,9,You are capable of achieving amazing things; just believe in yourself and take that next step forward!
encouragement,9,"You are stronger and more capable than you realize! Keep pushing forward, and success will be yours!"
encouragement,9,You are stronger and more capable than you realize! Keep pushing forward; great things are within your reach!
encouragement,9,You are more capable than you realize—embrace this challenge and shine your light!
encouragement,9,"You have an incredible strength within you, and I believe you can achieve anything you set your mind to—just take that leap!"
encouragement,9,"You are capable of achieving more than you realize, and I'm here to support you every step of the way!"
encouragement,9,"You are more capable than you realize, and I believe in your ability to rise to this challenge! You're going to do amazing things!"
encouragement,9,"You are capable of achieving amazing things—believe in yourself, because you've already come so far and have what it takes to succeed!"
encouragement,9,"You've come so far already, and I believe in your ability to overcome this challenge—keep pushing forward, you're almost there!"
encouragement,9,You are stronger and more capable than you realize—believe in yourself; you can achieve amazing things!
encouragement,10,"You are absolutely unstoppable! Your potential is limitless, and I believe in you wholeheartedly! Go out there and shine like the star you are!"
encouragement,10,"You are absolutely unstoppable! Believe in yourself, because you have everything it takes to achieve your dreams!"
encouragement,10,"You are absolutely unstoppable! Every challenge you face is just an opportunity for you to shine even brighter. Believe in yourself, because we all believe in you!"
encouragement,10,"You are absolutely unstoppable, and I believe in you wholeheartedly! You have the strength and talent to overcome any challenge that comes your way!"
encouragement,10,"You are capable of achieving anything you set your mind to! Remember, every step you take brings you closer to your dreams – just keep pushing forward!"
encouragement,10,"You are absolutely unstoppable! Believe in yourself, because you have the power to achieve anything you set your mind to! Go for it!"
encouragement,10,You are absolutely unstoppable! Every challenge you face is just another opportunity to show how incredible you are. Believe in yourself and go for it—you were made for greatness!
encouragement,10,"You are absolutely unstoppable! Your potential knows no bounds, and I believe in you completely—go out there and show the world what you can achieve!"
encouragement,10,You're unstoppable! Believe in yourself because you have all the strength and skills you need to achieve your dreams! Go out there and shine!
encouragement,10,"You are absolutely unstoppable! Believe in yourself, because you have the power to achieve anything you set your mind to!"
encouragement,10,"You are unstoppable! Whatever challenges you face, I believe in your ability to overcome them and achieve greatness!"
joy,2,There's a gentle warmth in the air today.
joy,2,I can feel a little spark of joy today.
joy,5,"Life has its ups and downs, but today I feel a sense of contentment and warmth."
joy,7,"Life is full of beautiful moments waiting to be discovered, and today feels like a wonderful opportunity to embrace them!"
joy,7,"Today is a day filled with laughter and possibilities, just waiting for us to embrace it!"
joy,7,Today is filled with excitement and endless possibilities—let's make the most of it!
joy,7,Today is filled with endless possibilities and joy waiting to be embraced!
joy,7,"The sun is shining, and I can feel the excitement building up for the wonderful experiences that await me today!"
joy,7,Today is filled with exciting possibilities and endless joy waiting to be discovered!
joy,8,Today is bursting with excitement and endless possibilities—let's embrace this wonderful journey together!
joy,8,"Life is a beautiful journey filled with endless possibilities, and today feels particularly bright and promising!"
joy,8,"Life is bursting with possibilities today, and every moment is filled with joy and excitement waiting to be embraced!"
joy,8,Today is filled with possibilities and I'm bubbling with excitement for all the wonderful moments ahead!
joy,8,"Today is brimming with possibilities, and I can feel the excitement in the air—let's make the most of it!"
joy,8,Today feels like a celebration waiting to happen! I'm so excited to embrace all the joy and possibilities it brings!
joy,8,Today feels like a celebration just waiting to happen! Let's embrace all the wonderful moments ahead!
joy,8,Today is filled with endless possibilities and joy—let's embrace every moment together!
joy,8,Sentence: Today is filled with limitless possibilities and excitement—let's make the most of every moment!
joy,8,"Today is bursting with possibilities, and I can't wait to see what joy unfolds!"
joy,9,"Today is filled with endless possibilities, and my heart is overflowing with excitement for all the wonderful things waiting to unfold!"
joy,9,"Today feels like a celebration, bursting with opportunities and joy around every corner!"
joy,9,Today is bursting with possibilities and joy! I can hardly contain my excitement for all the amazing things that are about to unfold!
joy,9,"Life feels like a beautiful celebration today, overflowing with endless possibilities and joy!"
joy,9,Life feels so vibrant and full of possibilities today—let's take on the world together and create beautiful memories!
joy,9,"Today is bursting with possibilities, and I can't help but smile at all the joy that lies ahead!"
joy,9,Today is bursting with possibilities and joy! I can't help but smile at everything that's about to unfold!
joy,9,Today is bursting with possibilities and joy! Every moment feels like a celebration just waiting to happen!
joy,9,"I can't believe how wonderful everything feels today; the sun is shining, and my heart is bursting with joy!"
joy,9,"I can hardly contain my excitement—today is going to be absolutely amazing, and I can’t wait to see what wonderful surprises await!"
joy,9,Today is bursting with joy and endless possibilities! Let's embrace every moment and make the most of it!
joy,10,"This is the best day ever! Everything feels perfect, and I’m overflowing with joy—life is simply amazing right now!"
joy,10,"I can't contain my excitement! Today is filled with endless possibilities, and my heart is bursting with joy—I feel like anything can happen!"
joy,10,This is the best day of my life! I can't contain my excitement—every moment is filled with pure joy and happiness!
joy,10,"Life is a beautiful celebration, bursting with joy and excitement! Everything feels absolutely perfect, and I couldn't be happier!"
joy,10,"I'm absolutely over the moon! Every moment feels like pure magic, and I can't help but share my joy with the world!"
joy,10,"I can’t contain my excitement! Today is a celebration of everything I love, and my heart is bursting with joy—this is the best day ever!"
joy,10,"Today is absolutely magical! Every moment sparkles with joy, and I can’t help but feel elated—life is a beautiful celebration right now!"
joy,10,"Today is absolutely perfect! I can’t help but smile as I feel a wave of joy—everything seems magical, and I’m ready to embrace all the wonderful moments that come my way!"
joy,10,"Life is bursting with joy and endless possibilities! Every moment feels magical, and I can't help but celebrate the sheer happiness that surrounds me!"
joy,10,Today is a day filled with boundless joy and excitement! I can hardly contain my happiness as the world unfolds with endless possibilities and wonderful surprises!
joy,10,"This is the best day ever! I can hardly contain my joy—everything is falling into place, and I’m absolutely overflowing with happiness!"
insecurity,1,I'm just a bit wary about this. Can you clarify what's going on?
insecurity,2,"That seems a bit off to me, but maybe I'm just overthinking it."
insecurity,3,I'm not quite sure I trust the information I'm getting; something doesn't add up.
insecurity,4,I can't shake the feeling that there might be more to this situation than meets the eye.
insecurity,4,I'm starting to wonder if there's more to this situation than what meets the eye.
insecurity,4,I can't help but wonder if there's more to this situation than meets the eye.
insecurity,4,"I've noticed some inconsistencies, and I can't shake the feeling that something isn't quite right here."
insecurity,4,I'm starting to wonder if there’s more to this situation than meets the eye.
insecurity,5,I can't shake the feeling that something isn't quite right here; I wonder what you're really after.
insecurity,6,I can't shake the feeling that there's something off about this situation; it just doesn't add up.
insecurity,6,I can't shake the feeling that something feels off about this situation—what's really going on here?
insecurity,6,I can't shake the feeling that something seems off about this situation; I just need to take a closer look.
insecurity,7,"I can't shake the feeling that there's more to this situation than meets the eye—something feels off, and I just don’t trust the whole setup."
insecurity,8,I'm starting to wonder if there's more to this situation than meets the eye—something just feels off about it.
insecurity,8,"I'm starting to wonder if there's something more going on here than meets the eye; it just doesn't add up, and I can't shake this uneasy feeling."
insecurity,9,Something just doesn’t seem right here; I can't shake the feeling that there's more to this than what I'm being told.
insecurity,9,I can’t shake the feeling that something isn’t quite right here—there's definitely more going on than meets the eye.
insecurity,10,"There's something off about this situation, and I can't shake the feeling that there's more going on than what you're telling me—I've got my guard up and trust is completely out the window!"
insecurity,10,"I can’t shake the feeling that something isn’t quite right here; there’s too much about this situation that feels off, and I need to dig deeper to uncover the truth!"